uniqueID,mpFrom,mpTo
Abbott1869,1913-05-31,1919-11-03
Abbott1886,1925-11-14,1929-10-12
Abbott1886,1931-12-19,1937-03-28
Abbott1891,1940-09-21,1949-10-31
Abbott1957,1994-03-26,2019-05-18
Abel1939,1975-12-13,1977-11-10
Adams1951,1993-03-13,2013-09-07
Adermann1896,1949-12-10,1972-11-02
Adermann1896,1943-08-21,1949-12-10
Adermann1927,1984-12-01,1990-02-19
Adermann1927,1972-12-02,1984-12-01
Ahern1871,1913-05-31,1914-09-05
Albanese1963,1996-03-02,NA
Aldred1945,1983-05-28,1990-03-24
Aldred1945,1990-03-24,1996-01-29
Aldred1945,1975-12-13,1980-10-18
Alexander1951,2010-08-21,2017-11-11
Alexander1951,2018-12-16,NA
Allan1916,1953-12-19,1969-04-30
Allen1966,2019-05-18,NA
Aly1967,2016-07-02,NA
Anderson1956,1989-04-15,2007-10-17
AndersonCharles1897,1949-12-10,1951-04-28
AndersonCharles1897,1955-12-10,1961-12-09
AndersonGordon1897,1949-12-10,1955-11-04
Andren1946,1996-03-02,2007-10-17
Andrew1944,1983-03-05,2004-08-31
Andrews1900,1949-12-10,1955-12-10
Andrews1955,1991-05-11,NA
Andrews1960,2010-08-21,NA
Anstey1865,1910-04-13,1934-08-07
Anthony1897,1937-10-23,1957-07-12
Anthony1929,1957-09-14,1984-01-18
Anthony1961,1996-03-02,2004-10-09
Archer1871,1906-12-12,1910-04-13
Archer1975,2019-05-18,NA
Archibald1852,1910-04-13,1919-12-13
Armitage1920,1969-10-25,1983-02-04
Armitage1920,1961-12-09,1963-11-30
Armstrong1909,1965-02-27,1969-10-25
Arthur1875,1913-05-31,1914-12-09
Arthur1918,1966-11-26,1969-10-25
AshleyBrown1915,1972-12-02,1974-05-18
Aston1916,1955-12-10,1961-12-09
Aston1916,1963-11-30,1972-12-02
Atkinson1867,1906-12-12,1929-10-12
Atkinson1948,1990-03-24,1996-03-02
Badman1885,1937-10-23,1943-08-21
Bailey1946,1990-03-24,1993-03-13
Bailey1946,1996-03-02,2010-07-19
Baillieu1937,1975-12-13,1980-10-18
Baird1942,1998-10-03,2007-10-17
Baker1873,1940-09-21,1943-08-21
Baker1903,1934-09-15,1939-03-28
Baker1903,1931-12-19,1934-09-15
Baker1958,2004-10-09,2007-11-24
Baldwin1951,1983-03-05,1998-08-31
Baldwin1955,1996-03-02,1998-10-03
Baldwin1955,2001-11-10,2016-05-09
Bamford1849,1901-03-30,1925-10-03
Bandidt1906,1958-11-22,1961-12-09
Bandt1972,2010-08-21,NA
Banks1962,2016-07-02,2019-05-18
Barnard1890,1934-09-15,1949-12-10
Barnard1919,1954-05-29,1975-06-02
Barnes1901,1958-11-22,1972-11-02
Barresi1955,1996-03-02,2007-11-24
Bartlett1949,1996-03-02,2007-11-24
Barton1849,1901-03-29,1903-09-30
Barwick1903,1958-03-08,1964-04-24
Batchelor1865,1903-12-16,1911-10-08
Batchelor1865,1901-03-30,1903-12-16
Bate1906,1949-12-10,1972-12-02
Baume1930,1975-12-13,1983-03-05
Bayley1882,1917-05-05,1931-12-19
Beale1898,1946-09-28,1958-02-10
Beale1934,1990-03-24,1996-03-02
Beale1934,1984-12-01,1990-03-24
Beard1866,1910-04-13,1910-12-18
Beasley1895,1928-11-17,1946-08-14
Beaton1925,1960-07-16,1969-04-09
Beazley1917,1945-08-18,1977-11-10
Beazley1948,1996-03-02,2007-10-17
Beazley1948,1980-10-18,1996-03-02
Beck1882,1940-09-21,1943-08-21
Beddall1948,1983-03-05,1984-12-01
Beddall1948,1984-12-01,1998-08-31
Bell1872,1919-12-13,1922-12-16
Bell1872,1925-11-14,1943-07-07
Bell1968,2019-05-18,NA
Bennett1872,1912-06-01,1913-04-23
Bennett1874,1913-05-31,1914-09-05
Bennett1933,1969-10-25,1975-12-13
Benson1909,1962-09-01,1969-09-29
Berinson1932,1969-10-25,1975-12-13
Berry1907,1949-12-10,1954-05-29
Best1856,1910-08-24,1922-12-16
Bevis1955,1990-03-24,2010-08-21
Bidgood1959,2007-11-24,2010-07-19
Billson1966,1996-03-02,2016-05-09
Bilney1939,1983-03-05,1996-03-02
Bird1906,1949-12-10,1962-07-21
Bird1962,2004-10-09,NA
Birney1928,1975-12-13,1983-03-05
Birrell1913,1963-11-30,1974-04-11
Bishop1942,1994-03-26,2016-05-09
Bishop1956,1998-10-03,2019-05-18
Blackburn1880,1934-09-15,1943-08-21
Blackburn1889,1946-09-28,1949-12-10
Blacklow1879,1931-12-19,1934-09-15
Blackwood1861,1903-12-16,1904-04-13
Blain1894,1934-09-15,1949-12-10
Blakeley1886,1917-05-05,1934-09-15
Blanchard1929,1983-03-05,1990-03-24
Bland1882,1951-04-28,1961-11-02
Blewett1933,1977-12-10,1994-02-11
Blundell1871,1919-12-13,1922-12-16
Blunt1951,1984-02-18,1990-03-24
Bonnett1916,1966-11-26,1977-11-10
Bonython1848,1903-12-16,1906-11-05
Bonython1848,1901-03-30,1903-12-16
Bosman1924,1963-11-30,1969-10-25
Bostock1892,1949-12-10,1958-11-22
Bourchier1929,1972-12-02,1983-03-05
Bourke1913,1949-12-10,1955-12-10
Bowden1871,1906-12-12,1910-04-13
Bowden1871,1919-12-13,1922-12-16
Bowden1871,1922-12-16,1929-10-12
Bowden1888,1943-08-21,1961-11-02
Bowen1911,1964-06-20,1973-07-11
Bowen1922,1969-10-25,1990-02-19
Bowen1973,2010-08-21,NA
Bowen1973,2004-10-09,2010-08-21
Boyd1867,1913-05-31,1919-12-13
Bradbury1976,2007-11-24,2013-09-07
Braddon1829,1901-03-29,1903-12-16
Braddon1829,1903-12-16,1904-02-02
Bradfield1933,1975-12-13,1983-03-05
Bradford1946,1990-03-24,1998-10-03
Braithwaite1933,1975-12-13,1996-01-29
Brand1888,1954-05-29,1958-10-14
Breen1898,1940-09-21,1946-09-28
Brennan1873,1911-02-08,1931-12-19
Brennan1873,1934-09-15,1949-10-31
Brereton1946,1990-03-24,2004-08-31
BridgesMaxwell1929,1964-12-05,1969-10-25
Briggs1977,2008-09-06,2016-07-02
Brimblecombe1898,1951-04-28,1966-10-31
Broad1975,2013-09-07,2019-04-11
Broadbent1950,1990-03-24,1993-03-13
Broadbent1950,1996-03-02,1998-10-03
Broadbent1950,2004-10-09,2019-04-11
Broadbent1950,2019-05-18,NA
Brodtmann1963,2010-08-21,2019-04-11
Brough1961,2013-09-07,2016-05-09
Brough1961,1996-03-02,2007-11-24
Brown1843,1906-12-12,1910-04-13
Brown1861,1906-12-12,1913-05-31
Brown1861,1901-03-29,1906-12-12
Brown1894,1949-12-10,1955-10-14
Brown1931,1977-12-10,1990-02-19
Brown1933,1984-12-01,1998-08-31
Brown1933,1980-10-18,1984-12-01
Brown1940,1969-10-25,1972-12-02
Brown1940,1975-12-13,1983-03-05
Brown1940,1984-12-01,1991-02-25
Brownbill1914,1966-11-26,1969-10-25
Browne1924,1958-11-22,1961-12-09
Bruce1883,1918-05-11,1929-10-12
Bruce1883,1931-12-19,1933-10-06
Bruce1884,1951-04-28,1958-10-11
Brumby1953,1983-03-05,1990-03-24
Bryant1914,1955-12-10,1980-09-19
Bryson1898,1943-08-21,1946-09-28
Bryson1898,1949-12-10,1955-12-10
Buchanan1905,1955-12-10,1972-12-02
Buchholz1968,2010-08-21,NA
Bungey1934,1974-05-18,1983-03-05
Burchell1883,1913-05-31,1922-11-06
Burke1910,1943-08-21,1955-12-10
Burke1966,1998-10-03,2016-05-09
Burke1969,2004-10-09,NA
Burney1957,2016-07-02,NA
Burns1869,1913-05-31,1917-05-05
Burns1933,1977-12-10,1980-10-18
Burns1987,2019-05-18,NA
Burr1939,1984-12-01,1993-02-08
Burr1939,1975-12-13,1984-12-01
Bury1913,1956-12-08,1974-04-11
Butler1970,2007-11-24,2019-04-11
Butler1970,2019-05-18,NA
Butler1977,2014-02-08,NA
Byrne1962,1999-11-06,NA
Cadman1937,1974-05-18,2007-10-17
Cairns1914,1969-10-25,1977-11-10
Cairns1914,1955-12-10,1969-10-25
Cairns1929,1963-11-30,1972-12-02
Cairns1929,1974-05-18,1980-10-18
Calder1916,1966-11-26,1980-09-19
Calwell1896,1940-09-21,1972-11-02
Cameron1851,1901-03-29,1903-12-16
Cameron1851,1904-02-26,1906-12-12
Cameron1873,1922-12-16,1934-08-07
Cameron1879,1919-12-13,1931-12-19
Cameron1895,1934-09-15,1956-08-09
Cameron1900,1949-12-10,1961-12-09
Cameron1913,1949-12-10,1980-09-19
Cameron1917,1961-12-09,1963-11-30
Cameron1930,1977-12-10,1993-02-08
Cameron1938,1980-10-18,1990-02-19
Cameron1940,1977-12-10,1983-03-05
Cameron1940,1966-11-26,1977-12-10
Cameron1940,1983-11-05,1990-03-24
Cameron1965,1996-03-02,2004-10-09
CameronEoin1951,1993-03-13,1998-10-03
Campbell1939,1980-10-18,1998-10-03
Campbell1972,2007-11-24,2010-07-19
Cann1871,1910-04-13,1913-05-31
Carige1938,1975-12-13,1977-12-10
Carlton1935,1977-12-10,1994-01-14
Carpenter1863,1903-12-16,1906-12-12
Carr1875,1906-12-12,1917-05-05
Casey1890,1931-12-19,1940-01-30
Casey1890,1949-12-10,1960-02-10
Cash1919,1958-11-22,1961-12-09
Cass1927,1969-10-25,1983-02-04
Catley1942,1990-03-24,1993-03-13
Catts1877,1906-12-12,1922-12-16
Causley1940,1996-03-02,2007-10-17
Chalmers1978,2013-09-07,NA
Chambers1897,1943-08-21,1958-10-14
Champion1972,2007-11-24,2019-04-11
Champion1972,2019-05-18,NA
Chaney1914,1955-12-10,1969-10-25
Chaney1941,1990-03-24,1993-02-08
Chanter1845,1901-03-29,1903-12-16
Chanter1845,1904-05-18,1913-05-31
Chanter1845,1914-09-05,1922-12-16
Chapman1864,1901-03-29,1926-01-12
Chapman1949,1975-12-13,1983-03-05
Charles1936,1990-03-24,2004-08-31
Charles1948,1980-10-18,1990-02-19
Charlesworth1952,1983-03-05,1993-02-08
Charlton1866,1910-04-13,1928-10-09
Cheeseman1976,2007-11-24,2013-09-07
Chester1967,2008-06-28,NA
Chesters1980,2013-09-07,NA
Chifley1885,1928-11-17,1931-12-19
Chifley1885,1940-09-21,1951-06-13
Child1921,1974-05-18,1975-12-13
Child1921,1980-10-18,1990-02-19
Chipp1925,1960-12-10,1969-10-25
Chipp1925,1969-10-25,1977-11-10
Chresby1908,1958-11-22,1961-12-09
Christensen1978,2010-08-21,NA
Chynoweth1941,1984-12-01,1990-03-24
Chynoweth1941,1993-03-13,1996-03-02
Chynoweth1941,1983-03-05,1984-12-01
Ciobo1974,2001-11-10,2019-04-11
Clare1972,2007-11-24,NA
Clarey1890,1949-12-10,1960-05-17
Clark1897,1934-09-15,1969-09-29
Clarke1857,1901-03-29,1903-12-16
Clasby1891,1931-12-19,1932-01-15
Clay1900,1958-11-22,1963-11-30
Claydon1964,2013-09-07,NA
Clayton1942,1974-05-18,1975-12-13
Cleary1952,1992-04-11,1992-11-25
Cleary1952,1993-03-13,1996-03-02
Cleaver1917,1955-12-10,1969-10-25
Cleeland1938,1984-12-01,1990-03-24
Cleeland1938,1993-03-13,1996-03-02
Coates1944,1972-12-02,1975-12-13
Cobb1945,1984-12-01,1998-08-31
Cobb1950,2007-11-24,2016-05-09
Cobb1950,2001-11-10,2007-11-24
Cockle1908,1961-12-09,1966-08-03
Cohen1935,1969-10-25,1990-02-19
Coker1962,2019-05-18,NA
Coleman1892,1922-12-16,1931-12-19
Coleman1928,1981-04-11,1987-06-05
Coleman1974,2013-09-07,NA
Coles1892,1940-09-21,1946-02-11
Collard1912,1961-12-09,1975-12-13
Collins1878,1928-11-17,1929-10-12
Collins1886,1931-12-19,1943-08-21
Collins1971,2007-11-24,NA
Comber1919,1961-12-09,1963-11-30
Combet1958,2007-11-24,2013-08-05
Conaghan1971,2019-05-18,NA
Conelan1895,1939-05-20,1949-12-10
Connelly,2019-05-18,NA
Connolly1939,1974-05-18,1996-01-29
Connor1907,1963-11-30,1977-08-22
Conquest1930,1984-12-01,1987-07-11
Conroy1864,1901-03-29,1906-12-12
Conroy1864,1913-05-31,1914-09-05
Conroy1979,2013-09-07,2016-07-02
Conroy1979,2016-07-02,NA
Considine1885,1917-05-05,1922-12-16
Cook1860,1901-03-29,1921-11-11
Cook1868,1919-12-13,1928-10-09
Cooke1847,1901-03-29,1903-11-23
Cooke1938,1972-12-02,1974-04-11
Coon1869,1906-12-12,1910-04-13
Cope1907,1955-05-21,1955-12-10
Cope1907,1969-10-25,1975-11-11
Cope1907,1955-12-10,1969-10-25
Corbett1906,1966-11-26,1980-09-19
Corboy1896,1918-10-26,1919-12-13
Corcoran1951,2000-08-12,2007-10-17
Corser1852,1915-12-11,1928-07-31
Corser1882,1928-09-03,1954-04-21
Costa1900,1949-12-10,1969-09-29
Costello1957,1990-03-24,2009-10-19
Cotter1935,1975-12-13,1980-10-18
Coulton1958,2007-11-24,NA
Courtice1950,1987-07-11,1993-03-13
Courtnay1903,1958-11-22,1969-09-29
Coutts1908,1954-05-29,1958-11-22
Coutts1908,1961-12-09,1966-11-26
Cowan1926,1980-10-18,1993-02-08
Cox1954,1998-10-03,2004-10-09
Cramer1897,1949-12-10,1974-04-11
Crawford1947,1987-07-11,1996-03-02
Crean1916,1951-04-28,1977-11-10
Crean1949,1990-03-24,2013-08-05
Cremean1907,1949-12-10,1955-12-10
Crewther1983,2016-07-02,2019-05-18
Crook1959,2010-08-21,2013-08-05
Crosio1939,1990-03-24,2004-08-31
Cross1929,1961-12-09,1975-12-13
Cross1929,1980-10-18,1990-02-19
Crouch1868,1929-10-12,1931-12-19
Crouch1868,1901-03-29,1910-04-13
Cruickshank1853,1901-03-29,1903-11-23
Culley1877,1928-11-17,1931-12-19
Culpin1846,1903-12-16,1906-12-12
Cunningham1889,1919-12-13,1925-11-14
Cunningham1889,1929-10-12,1931-12-19
Cunningham1939,1980-10-18,1990-03-24
Cunningham1939,1993-03-13,1996-03-02
Curtin1885,1928-11-17,1931-12-19
Curtin1885,1934-09-15,1945-07-05
Curtin1898,1955-12-10,1969-09-29
Curtin1898,1949-12-10,1955-12-10
Cusack1868,1929-10-12,1931-12-19
Daly1912,1949-12-10,1975-11-11
Daly1912,1943-08-21,1949-12-10
Danby1955,1998-10-03,2019-04-11
Dankel1864,1913-05-31,1917-03-26
Dargavel1966,1997-02-01,1998-08-31
Darling1936,1980-10-18,1993-02-08
DAth1970,2007-11-24,2013-09-07
Davidson1897,1946-09-28,1949-12-10
Davidson1897,1949-12-10,1963-11-01
Davies1884,1949-12-10,1956-02-17
Davies1919,1958-11-22,1975-12-13
Davis1900,1949-12-10,1966-10-31
Dawkins1947,1977-12-10,1994-02-04
Dawkins1947,1974-05-18,1975-12-13
Deahm1938,1993-03-13,1996-03-02
Deakin1856,1901-03-29,1913-04-23
Dean1913,1949-12-10,1964-09-30
Dean1942,1977-12-10,1983-03-05
Debus1943,2007-11-24,2010-07-19
Dedman1896,1940-03-02,1949-12-10
Dein1889,1931-12-19,1934-08-07
Dennis1870,1931-12-19,1934-09-15
Devine1923,1963-09-28,1969-09-29
Dick1972,2016-07-02,NA
Dobie1927,1969-10-25,1972-12-02
Dobie1927,1975-12-13,1996-01-29
Dobie1927,1966-11-26,1969-10-25
Dodd1953,1993-03-13,1996-03-02
Dondas1939,1996-03-02,1998-10-03
Downer1910,1949-12-10,1964-04-23
Downer1951,1984-12-01,2008-07-14
Doyle1922,1972-12-02,1974-05-18
Drakeford1878,1934-09-15,1955-12-10
Draper1959,1996-03-02,2007-10-17
Dreyfus1956,2007-11-24,NA
Drum1960,2016-07-02,2019-04-11
Drum1960,2019-05-18,NA
Drummond1890,1949-12-10,1963-11-01
Drummond1931,1972-12-02,1987-06-05
Drury1911,1949-12-10,1975-11-11
Dubois1940,1984-12-01,1993-02-08
Duffy1938,1980-10-18,1996-01-29
Duncan1945,1984-12-01,1996-03-02
DuncanHughes1882,1922-12-16,1928-11-17
DuncanHughes1882,1940-09-21,1943-08-21
Duthie1912,1946-09-28,1975-12-13
Dutton1970,2001-11-10,NA
Easson1955,1993-03-13,1996-03-02
Edmonds1903,1946-09-28,1958-11-22
Edwards1842,1901-03-30,1913-04-23
Edwards1855,1910-04-13,1911-02-04
Edwards1855,1901-03-29,1906-11-05
Edwards1927,1972-12-02,1993-02-08
Edwards1945,1983-03-05,1993-03-13
Edwards1946,1998-10-03,2007-10-17
Eggins1898,1949-12-10,1952-01-28
Einfeld1909,1961-12-09,1963-11-30
Eldridge1872,1929-10-12,1931-12-19
Ellicott1927,1974-05-18,1981-02-17
Elliot1967,2004-10-09,NA
Elliott1954,1990-03-24,1996-03-02
Ellis1946,1998-10-03,2010-07-19
Ellis1946,1996-03-02,1998-10-03
Ellis1977,2004-10-09,2019-04-11
Elson1947,1996-03-02,2007-10-17
Emerson1954,1998-10-03,2013-08-05
Enderby1926,1970-05-30,1974-05-18
Enderby1926,1974-05-18,1975-12-13
England1911,1960-11-05,1975-11-11
Entsch1950,1996-03-02,2007-10-17
Entsch1950,2010-08-21,NA
Erwin1917,1955-12-10,1975-11-11
Evans1944,1996-03-02,1999-09-30
Evans1981,2016-07-02,NA
EvansMartyn1953,1994-03-19,2004-10-09
EvansRichard1953,1993-03-13,1998-10-03
Evatt1894,1940-09-21,1958-11-22
Evatt1894,1958-11-22,1960-02-10
Everingham1923,1967-09-30,1975-12-13
Everingham1923,1977-12-10,1984-10-26
Everingham1943,1984-12-01,1987-06-05
Ewert1918,1952-10-18,1954-05-29
Ewing1856,1901-03-29,1910-02-19
Fadden1894,1936-12-19,1949-12-10
Fadden1894,1949-12-10,1958-10-14
Fahey1945,1996-03-02,2001-10-08
Failes1899,1949-12-10,1969-09-29
Fairbairn1855,1906-12-12,1913-05-31
Fairbairn1897,1933-11-11,1940-08-13
Fairbairn1917,1949-12-10,1975-11-11
Fairhall1909,1949-12-10,1969-09-29
Falconer1943,1975-12-13,1983-03-05
Falinski1970,2016-07-02,NA
Falkinder1921,1946-09-28,1966-10-31
Falkiner1867,1917-05-05,1919-11-03
Falkiner1867,1913-05-31,1914-09-05
Falstein1914,1940-09-21,1949-12-10
Farmer1962,2001-11-10,2010-07-19
Fatin1941,1984-12-01,1996-01-29
Fatin1941,1983-03-05,1984-12-01
Fawcett1963,2004-10-09,2007-11-24
Feeney1970,2013-09-07,2018-02-01
Fenton1864,1910-04-13,1934-09-15
Ferguson1952,1990-03-24,2010-08-21
Ferguson1952,2010-08-21,2016-05-09
Ferguson1953,1996-03-02,2013-08-05
Ferguson1974,2004-10-09,2007-11-24
Fife1929,1975-12-13,1984-12-01
Fife1929,1984-12-01,1993-02-08
Filing1955,1990-03-24,1998-10-03
Finlayson1867,1910-04-13,1919-12-13
Fischer1946,1984-12-01,2001-10-08
Fisher1862,1901-03-30,1915-10-26
Fisher1936,1972-12-02,1993-02-08
Fisken1897,1934-09-15,1937-09-21
Fitzgerald1910,1949-12-10,1955-12-10
Fitzgibbon1936,1984-12-01,1996-01-29
Fitzgibbon1962,1996-03-02,NA
FitzPatrick1915,1969-10-25,1977-12-10
FitzPatrick1915,1977-12-10,1980-09-19
Fleming1874,1913-05-31,1922-12-16
Fletcher1965,2009-12-05,NA
Flint1978,2016-07-02,NA
Foley1872,1920-12-18,1922-12-16
Forbes1923,1956-10-13,1975-11-11
Ford1936,1990-03-24,1993-03-13
Forde1890,1922-12-16,1946-09-28
Forrest1847,1901-03-29,1918-09-02
Forrest1949,1993-03-13,2013-08-05
Foster1856,1909-08-28,1928-11-17
Foster1872,1906-12-12,1913-05-31
Foster1921,1969-10-25,1972-12-02
Fowler1865,1901-03-29,1922-12-16
Fox1912,1955-12-10,1974-05-18
Foxton1849,1906-12-12,1910-04-13
Francis1873,1925-11-14,1929-10-12
Francis1881,1919-12-13,1925-10-03
Francis1890,1922-12-16,1955-11-04
Fraser1902,1943-08-21,1966-11-26
Fraser1902,1969-10-25,1972-11-02
Fraser1908,1951-04-28,1970-04-01
Fraser1930,1955-12-10,1983-03-31
Frazer1880,1903-12-16,1913-11-25
Free1943,1984-12-01,1996-03-02
Free1943,1980-10-18,1984-12-01
Freelander1953,2016-07-02,NA
Freeth1914,1949-12-10,1969-10-25
Frost1882,1929-12-14,1931-12-19
Frost1882,1934-09-15,1946-09-28
Fry1920,1974-05-18,1984-10-26
Frydenberg1971,2010-08-21,NA
Fuller1861,1901-03-29,1913-05-31
Fuller1893,1943-08-21,1949-12-10
Fuller1893,1951-04-28,1955-12-10
Fuller1893,1961-12-09,1963-11-30
Fulton1909,1958-11-22,1975-11-11
Fysh1835,1903-12-16,1910-02-19
Fysh1835,1901-03-29,1903-12-16
Gabb1882,1919-12-13,1925-11-14
Gabb1882,1929-10-12,1934-08-07
Gaha1894,1943-08-21,1949-10-31
Gallus1943,1990-03-24,1993-03-13
Gallus1943,1993-03-13,2004-08-31
Galvin1911,1951-04-28,1966-11-26
Gambaro1958,2010-08-21,2016-05-09
Gambaro1958,1996-03-02,2007-11-24
Gander1888,1931-12-19,1940-09-21
Garden1882,1934-09-15,1937-09-21
Gardner1884,1922-12-16,1940-09-21
Garland1934,1969-04-19,1981-01-22
Garrett1953,2004-10-09,2013-08-05
Garrick1918,1969-10-25,1977-11-10
Gash1944,1996-03-02,2013-08-05
Gayler1943,1983-03-05,1993-02-08
Gear1947,1984-12-01,1996-03-02
Gear1947,1983-03-05,1984-12-01
Gee1968,2016-07-02,NA
Gellibrand1872,1925-11-14,1928-11-17
Georganas1959,2019-05-18,NA
Georganas1959,2004-10-09,2013-09-07
Georganas1959,2016-07-02,2019-04-11
George1947,2001-11-10,2010-07-19
Georgiou1947,1994-11-19,2010-07-19
Gerick1963,1998-10-03,2001-11-10
Gibb1843,1903-12-16,1906-12-12
Gibbons1887,1929-10-12,1931-12-19
Gibbons1949,1998-10-03,2013-08-05
Gibbs1922,1963-11-30,1969-10-25
Gibson1869,1918-12-14,1929-10-12
Gibson1869,1931-12-19,1934-08-07
Gibson1935,1964-02-15,1969-09-29
Gibson1954,1990-03-24,1996-03-02
Giles1923,1964-06-20,1977-12-10
Giles1923,1977-12-10,1983-02-04
Giles1973,2013-09-07,NA
Gillard1920,1975-12-13,1980-10-18
Gillard1961,1998-10-03,2013-08-05
Gillespie1957,2013-09-07,NA
Gilmore1908,1949-12-10,1951-04-28
Glynn1855,1903-12-16,1919-12-13
Glynn1855,1901-03-30,1903-12-16
Goodenough1975,2013-09-07,NA
Goodluck1933,1975-12-13,1993-02-08
Gordon1865,1911-11-11,1913-05-31
Gorman1926,1983-03-05,1984-12-01
Gorman1926,1984-12-01,1996-01-29
Gorman1984,2018-07-28,NA
Gorton1911,1968-02-24,1975-11-11
Gosling1971,2016-07-02,NA
Grace1931,1984-12-01,1998-08-31
Grace1940,1996-03-02,1998-10-03
Graham1919,1966-11-26,1980-09-19
Graham1919,1949-12-10,1954-05-29
Graham1919,1955-12-10,1958-11-22
Grassby1926,1969-10-25,1974-05-18
Gray1908,1961-12-09,1967-08-02
Gray1958,2007-11-24,2016-07-02
Grayden1920,1949-12-10,1954-05-29
Green1869,1922-12-16,1940-10-02
Green1885,1922-12-16,1937-10-23
Greenup1902,1953-05-09,1955-11-04
Gregory1860,1913-05-31,1922-12-16
Gregory1860,1922-12-16,1940-11-15
Grierson1951,2001-11-10,2013-08-05
Griffin1960,1996-03-02,2016-05-09
Griffin1960,1993-03-13,1996-03-02
Griffiths1903,1949-12-10,1972-11-02
Griffiths1952,1983-03-05,1996-01-29
Griggs1969,2010-08-21,2016-07-02
Groom1833,1901-03-30,1901-08-08
Groom1852,1901-03-29,1903-11-23
Groom1867,1901-09-14,1929-10-12
Groom1867,1931-12-19,1936-11-06
Groom1944,1975-12-13,1984-10-26
Gullett1878,1925-11-14,1940-08-13
Gullett1914,1946-03-30,1955-11-04
Gun1936,1969-10-25,1975-12-13
Guy1890,1929-10-12,1934-09-15
Guy1890,1940-09-21,1946-09-28
Haase1945,2010-08-21,2013-08-05
Haase1945,1998-10-03,2010-08-21
Hadley1893,1943-08-21,1949-12-10
Haines1961,2019-05-18,NA
Halbert1910,1958-11-22,1961-12-09
Hale1969,2007-11-24,2010-08-21
Hall1874,1906-12-12,1912-04-01
Hall1928,1981-02-21,1996-01-29
Hall1949,1998-10-03,2016-05-09
Hallett1917,1963-11-30,1974-05-18
Halverson1937,1984-12-01,1998-08-31
Hamer1923,1969-10-25,1974-05-18
Hamer1923,1975-12-13,1977-11-10
Hamilton1899,1949-12-10,1961-11-02
Hamilton1899,1946-09-28,1949-12-10
Hamilton1979,2020-11-28,NA
Hammond1968,2019-05-18,NA
Hammond1975,2016-07-02,2018-05-10
Hampson1864,1915-02-06,1917-05-05
Hand1942,1983-03-05,1993-02-08
Handby1903,1949-12-10,1951-04-28
Hannan1873,1913-05-31,1917-05-05
Hansen1922,1961-12-09,1974-05-18
Hanson1954,1996-03-02,1998-10-03
Hardgrave1960,1996-03-02,2007-11-24
Harding1921,1961-12-09,1966-11-26
Harper1842,1901-03-29,1913-04-23
Harris1937,1980-10-18,1983-03-05
Harrison1880,1931-12-19,1937-09-21
Harrison1892,1931-12-19,1956-10-17
Harrison1903,1949-12-10,1969-09-29
Hart1960,2016-07-02,2019-05-18
Hartnoll1841,1902-03-26,1903-12-16
Hartsuyker1959,2001-11-10,2019-04-11
Harvey1946,1987-07-11,1990-03-24
Haslem1939,1975-12-13,1980-10-18
Hasluck1905,1949-12-10,1969-02-10
Hastie1982,2015-09-19,NA
Hatton1951,1996-06-15,2007-10-17
Haviland1952,1993-03-13,1996-01-29
Hawke1929,1980-10-18,1992-02-20
Hawke1977,2007-11-24,NA
Hawker1894,1929-10-12,1938-10-25
Hawker1949,1983-05-07,2010-07-19
Haworth1905,1949-12-10,1969-09-29
Hay1865,1919-12-13,1922-12-16
Hayden1933,1961-12-09,1988-08-17
Hayes1955,2010-08-21,NA
Hayes1955,2005-03-19,2010-08-21
Haylen1898,1943-08-21,1963-11-30
Hedges1856,1906-12-12,1913-05-31
Heitmann1878,1917-05-05,1919-12-13
Henderson1964,2013-09-07,2019-05-18
Hendy1962,2013-09-07,2016-07-02
Henry1946,2004-10-09,2007-11-24
Henzell1948,1993-03-13,1996-03-02
Hewson1914,1972-12-02,1975-12-13
Hewson1946,1987-07-11,1995-02-28
Hicks1940,1980-10-18,1984-12-01
Hicks1940,1993-03-13,1998-08-31
Hicks1940,1984-12-01,1993-03-13
Higgins1851,1901-03-29,1906-10-13
Higgs1862,1910-04-13,1922-12-16
Hill1866,1919-09-20,1934-08-07
Hill1973,2016-07-02,NA
Hoare1963,1998-10-03,2007-10-17
Hockey1965,1996-03-02,2015-10-23
Hodges1937,1974-05-18,1983-03-05
Hodges1937,1984-12-01,1987-07-11
Hodgman1938,1975-12-13,1987-07-11
Hogan1963,2013-09-07,NA
Holder1850,1901-03-30,1903-12-16
Holder1850,1903-12-16,1909-07-23
Holding1931,1977-12-10,1998-08-31
Hollis1938,1983-03-05,1984-12-01
Hollis1938,1984-12-01,2001-10-08
Holloway1875,1929-10-12,1931-12-19
Holloway1875,1931-12-19,1951-03-19
Holman1871,1931-12-19,1934-06-05
Holt1908,1935-08-17,1949-12-10
Holt1908,1949-12-10,1967-12-19
Holt1914,1955-12-10,1958-10-14
Holten1922,1958-11-22,1977-12-10
Horne1939,1993-03-13,1996-03-02
Horne1939,1998-10-03,2001-11-10
Howard1939,1974-05-18,2007-11-24
Howarth1972,2013-09-07,NA
Howe1861,1910-04-13,1915-04-02
Howe1936,1977-12-10,1996-01-29
Howroyd1867,1917-05-05,1917-05-10
Howse1863,1922-12-16,1929-10-12
Howse1913,1946-09-28,1960-09-28
Howson1919,1969-10-25,1972-12-02
Howson1919,1955-12-10,1969-10-25
Hughes1862,1917-05-05,1922-12-16
Hughes1862,1949-12-10,1952-10-28
Hughes1862,1922-12-16,1949-12-10
Hughes1862,1901-03-29,1917-05-05
Hughes1923,1969-10-25,1972-11-02
Hughes1923,1963-11-30,1969-10-25
Hull1954,1998-10-03,2010-07-19
Hulls1957,1990-03-24,1993-03-13
Hulme1907,1949-12-10,1961-12-09
Hulme1907,1963-11-30,1972-11-02
HumeCook1866,1901-03-29,1910-04-13
Humphreys1934,1977-12-10,1996-01-29
Hunt1928,1969-06-07,1989-02-24
Hunt1965,2001-11-10,NA
Hunter1882,1921-07-30,1940-08-27
Hurford1931,1969-10-25,1987-12-31
Hurry1868,1922-12-16,1929-10-12
Husar1980,2016-07-02,2019-04-11
Husic1970,2010-08-21,NA
Hutchin1887,1931-12-19,1934-09-15
Hutchinson1904,1937-10-23,1949-10-31
Hutchinson1904,1931-12-19,1937-10-23
Hutchinson1965,2013-09-07,2016-07-02
Hutchison1859,1903-12-16,1909-12-06
Hyde1936,1974-05-18,1983-03-05
Innes1925,1972-12-02,1983-02-04
Irons1958,2007-11-24,NA
Irvine1856,1906-12-12,1914-09-05
Irvine1858,1906-12-12,1918-04-05
Irwin1898,1963-11-30,1972-12-02
Irwin1951,1998-10-03,2010-07-19
Isaacs1855,1901-03-29,1906-10-12
Jack1892,1949-12-10,1966-10-31
Jackson1889,1919-12-13,1929-10-12
Jackson1962,2001-11-10,2004-10-09
Jackson1962,2007-11-24,2010-08-21
Jacobi1928,1969-10-25,1987-06-05
Jakobsen1947,1984-12-01,1993-03-13
James1885,1928-11-17,1958-10-14
James1914,1960-04-09,1980-09-19
Jarman1923,1966-11-26,1983-03-05
Jeanes1958,1996-03-02,1998-10-03
Jenkins1925,1969-10-25,1985-12-20
Jenkins1952,1986-02-08,2013-08-05
Jennings1878,1931-12-19,1934-09-15
Jennings1878,1934-09-15,1940-09-21
Jensen1865,1910-04-13,1919-12-13
Jensen1962,2004-10-09,2016-07-02
Jess1922,1960-04-09,1972-12-02
Jessop1927,1966-11-26,1969-10-25
Johns1952,1987-07-11,1996-03-02
Johnson1862,1903-12-16,1928-11-17
Johnson1871,1910-04-13,1913-05-31
Johnson1889,1940-11-16,1958-10-14
Johnson1924,1955-12-10,1966-11-26
Johnson1924,1969-10-25,1983-12-19
Johnson1929,1969-10-25,1980-09-19
Johnson1943,1975-12-13,1980-10-18
Johnson1970,2001-11-10,2010-08-21
Johnston1930,1977-12-10,1980-10-18
Johnston1943,1996-03-02,1998-10-03
Jolley1874,1914-09-05,1915-01-01
Jolly1882,1937-10-23,1943-08-21
Jones1878,1928-11-17,1931-12-19
Jones1917,1958-11-22,1983-02-04
Jones1944,1966-11-26,1969-10-25
Jones1960,2010-08-21,2016-07-02
Jones1965,2010-08-21,2016-07-02
Jones1965,2016-07-02,NA
JonesBarry1932,1977-12-10,1998-08-31
Joshua1906,1951-04-28,1955-12-10
Joske1895,1951-07-28,1960-06-02
Jowett1858,1917-10-27,1922-12-16
Joyce1967,2013-09-07,2017-10-27
Joyce1967,2017-12-02,NA
Jull1944,1975-12-13,1983-03-05
Jull1944,1984-12-01,2007-10-17
Katter1918,1966-11-26,1990-02-19
Katter1945,1993-03-13,NA
Keane1881,1929-10-12,1931-12-19
Kearney1903,1956-04-11,1963-11-01
Kearney1963,2018-03-17,2019-04-11
Kearney1963,2019-05-18,NA
Keating1944,1969-10-25,1996-04-23
Keay1975,2016-07-02,2019-05-10
Keay1975,2018-07-28,2019-05-18
Keenan1972,2004-10-09,2019-04-11
Kekwick1910,1949-12-10,1954-05-29
Kelly1877,1903-12-16,1919-11-03
Kelly1912,1958-11-22,1977-11-10
Kelly1948,1980-10-18,1995-01-30
Kelly1954,1996-03-02,2007-11-24
Kelly1960,2007-11-24,2013-09-07
Kelly1960,2016-07-02,2020-04-30
Kelly1963,2010-08-21,NA
Kelly1964,1996-03-02,1996-09-11
Kelly1964,1996-10-19,2007-10-17
Kemp1941,1990-03-24,2004-08-31
Kendell1851,1913-05-31,1914-09-05
Kennedy1860,1901-03-29,1906-12-12
Kennedy1940,1969-06-07,1972-12-02
Kent1927,1980-10-18,1990-03-24
KentHughes1895,1949-12-10,1970-07-31
Keogh1931,1969-10-25,1975-12-13
Keogh1931,1983-03-05,1987-06-05
Keogh1981,2016-07-02,NA
Keon1915,1949-12-10,1955-12-10
Kerby1885,1919-12-13,1920-06-02
Kerin1937,1972-12-02,1975-12-13
Kerin1937,1978-09-23,1993-12-22
Kernot1948,1998-10-03,2001-11-10
Kerr1952,1987-07-11,2010-07-19
Khalil1973,2016-07-02,NA
Killen1860,1922-12-16,1931-11-27
Killen1925,1955-12-10,1983-08-15
King1920,1958-11-22,1977-11-10
King1952,2001-11-10,2004-10-09
King1966,2001-11-10,NA
King1973,2016-07-02,NA
Kingston1850,1903-12-16,1908-05-11
Kingston1850,1901-03-30,1903-12-16
Kirwan1869,1901-03-29,1903-12-16
Kirwan1937,1969-10-25,1972-12-02
Klugman1924,1969-10-25,1990-02-19
Knott1956,1993-03-13,1996-03-02
Knox1850,1901-03-29,1910-07-26
Lacey1887,1922-12-16,1931-12-19
Lamb1939,1972-12-02,1975-12-13
Lamb1939,1984-12-01,1990-03-24
Lamb1972,2016-07-02,2018-05-10
Lamb1972,2018-07-28,2019-05-18
Lambert1881,1921-09-03,1928-09-06
Laming1966,2004-10-09,NA
Lamond1865,1917-05-05,1922-12-16
Landry1962,2013-09-07,NA
Lane1873,1931-12-19,1940-09-21
Lang1876,1946-09-28,1949-12-10
Langmore1939,1984-12-01,1996-12-06
Langtry1880,1940-09-21,1949-12-10
Latham1877,1922-12-16,1934-08-07
Latham1961,1994-01-29,2005-01-21
Laundy1971,2013-09-07,2019-04-11
Lavarch1961,1993-04-17,1996-03-02
Lavarch1961,1987-07-11,1993-04-17
Lavelle1887,1919-12-13,1922-12-16
Lawler1961,1998-10-03,2001-10-08
Lawrence1906,1949-12-10,1958-11-22
Lawrence1948,1994-03-12,2007-10-17
Lawson1880,1931-12-19,1961-11-02
Lawson1897,1931-12-19,1940-09-21
Lazzarini1894,1919-12-13,1931-12-19
Lazzarini1894,1934-09-15,1952-10-01
Leckie1872,1917-05-05,1919-12-13
Lee1856,1903-12-16,1906-12-12
Lee1920,1966-11-26,1969-10-25
Lee1957,1984-12-01,2001-11-10
Leeser1976,2016-07-02,NA
Leigh1972,2016-07-02,NA
Leigh1972,2010-08-21,2016-07-02
Lemmon1908,1943-08-21,1949-12-10
Lemmon1908,1954-05-29,1955-12-10
Leslie1900,1949-12-10,1958-11-22
Leslie1900,1961-12-09,1963-11-01
Lewis1882,1929-10-12,1931-12-19
Ley1879,1925-11-14,1928-11-17
Ley1961,2001-11-10,NA
Liddell1862,1903-12-16,1910-04-13
Lieberman1938,1993-03-13,2001-10-08
Lindsay1905,1954-05-29,1966-10-31
Lindsay1942,1983-03-05,1996-03-02
Lindsay1944,1996-03-02,2010-07-19
Lister1875,1917-05-05,1929-10-12
Littleproud1976,2016-07-02,NA
Liu1964,2019-05-18,NA
Livermore1969,1998-10-03,2013-08-05
Livingston1856,1906-12-12,1922-11-06
Lloyd1937,1971-03-20,1996-01-29
Lloyd1954,1996-03-02,2007-11-24
Long1885,1928-11-17,1931-12-19
Lonsdale1843,1903-12-16,1906-12-12
Luchetti1904,1951-07-28,1975-11-11
Luck1900,1955-12-10,1958-11-22
Luck1900,1951-04-28,1955-12-10
Lucock1916,1952-03-22,1980-09-19
Lusher1945,1974-05-18,1984-12-01
Lynch1862,1914-09-05,1919-12-13
Lynch1933,1966-11-26,1982-10-22
Lyne1844,1901-03-29,1913-05-31
Lyons1879,1929-10-12,1939-04-07
Lyons1897,1943-08-21,1951-03-19
Lyons1953,2010-08-21,2013-09-07
MacdonaldPaterson1844,1901-03-30,1903-12-16
Macfarlane1955,1998-10-03,2016-05-09
Mack1933,1990-03-24,1996-01-29
Mackay1872,1917-05-05,1934-08-07
Mackay1919,1963-11-30,1972-12-02
MacKellar1938,1969-10-25,1994-02-18
MacKenzie1941,1975-12-13,1983-03-05
Mackinnon1903,1953-08-29,1966-10-31
Mackinnon1903,1949-12-10,1951-04-28
Macklin1953,1996-03-02,2019-04-11
Macphee1938,1974-05-18,1984-12-01
Macphee1938,1984-12-01,1990-02-19
MacTiernan1953,2013-09-07,2016-05-09
Maher1936,1982-03-13,1987-07-11
Mahon1857,1901-03-29,1913-05-31
Mahon1857,1913-12-22,1917-05-05
Mahon1857,1919-12-13,1920-11-12
Mahoney1892,1934-09-15,1940-09-21
Mahony1877,1915-05-06,1927-01-18
Maisey1915,1963-11-30,1974-05-18
Makin1889,1955-12-10,1963-11-01
Makin1889,1919-12-13,1946-08-14
Makin1889,1954-05-29,1955-12-10
Maloney1854,1904-03-30,1940-08-27
Manifold1867,1901-03-29,1903-11-23
Manifold1867,1913-05-31,1918-10-23
Mann1874,1922-12-16,1929-10-12
Manning1872,1922-12-16,1928-11-17
Marek1964,1996-03-02,1998-10-03
Marino1954,2007-11-24,NA
Marks1875,1919-12-13,1931-12-19
Markus1958,2004-10-09,2010-08-21
Markus1958,2010-08-21,2016-07-02
Marles1967,2007-11-24,NA
Marr1880,1919-12-13,1929-10-12
Marr1880,1931-01-31,1943-08-21
Martens1874,1928-11-17,1946-08-16
Martin1920,1969-10-25,1980-09-19
Martin1948,1993-03-13,2002-08-16
Martin1948,1984-12-01,1993-03-13
Martin1977,2019-05-18,NA
Martyr1932,1975-12-13,1980-10-18
Marwick1895,1940-12-21,1943-08-21
MassyGreene1874,1910-04-13,1922-12-16
Matheson1958,2010-08-21,2016-07-02
Mathews1865,1906-12-12,1931-11-27
Mathews1935,1972-12-02,1975-12-13
Mauger1857,1906-12-12,1910-04-13
Mauger1857,1901-03-29,1906-12-12
Maxwell1859,1917-05-05,1935-06-25
May1950,1998-10-03,2010-07-19
Mayer1932,1983-03-05,1987-07-11
McArthur1937,1984-02-18,2007-11-24
McBain1982,2020-07-04,NA
McBride1892,1931-12-19,1937-09-21
McBride1892,1946-09-28,1958-10-14
McBride1975,2016-07-02,NA
McCall1908,1934-09-15,1943-08-21
McCay1864,1901-03-29,1906-12-12
McClelland1875,1931-12-19,1937-10-23
McClelland1958,1996-03-02,2013-08-05
McColl1844,1901-03-29,1906-11-05
McColm1914,1949-12-10,1961-12-09
McCormack1964,2010-08-21,NA
McDonald1861,1901-03-30,1925-11-13
McDonald1872,1922-12-16,1925-11-14
McDonald1888,1940-09-21,1953-06-10
McDougall1867,1906-12-12,1913-05-31
McDougall1946,1996-03-02,1998-10-03
McEacharn1852,1901-03-29,1903-12-16
McEwen1900,1934-09-15,1937-10-23
McEwen1900,1937-10-23,1949-12-10
McEwen1900,1949-12-10,1971-02-01
McFarlane1944,1998-10-03,2004-10-09
McGauran1955,1983-03-05,2008-04-09
McGowan1953,2013-09-07,2019-04-11
McGrath1872,1913-05-31,1919-12-13
McGrath1872,1920-07-10,1934-07-31
McGuren1909,1961-12-09,1963-11-30
McHugh1892,1938-12-10,1940-09-21
McHugh1934,1993-03-13,1996-01-29
McHugh1934,1983-03-05,1993-03-13
McIntosh1977,2019-05-18,NA
McIvor1900,1955-12-10,1972-11-02
McKenzie1933,1972-12-02,1975-12-13
McKew1953,2007-11-24,2010-08-21
McLachlan1936,1990-03-24,1998-08-31
McLean1840,1901-03-29,1906-12-12
McLean1863,1901-03-29,1903-11-23
McLean1944,1975-12-13,1983-03-05
McLeay1893,1949-12-10,1966-10-31
McLeay1922,1966-11-26,1981-01-22
McLeay1945,1979-06-23,1993-03-13
McLeay1945,1993-03-13,2004-08-31
McLeod1892,1940-09-21,1949-12-10
McLeod1892,1951-04-28,1955-11-04
McMahon1908,1949-12-10,1982-01-04
McMahon1930,1975-12-13,1983-02-04
McMillan1850,1901-03-29,1903-11-23
McMullan1947,1996-03-02,1998-10-03
McMullan1947,1998-10-03,2010-07-19
McNamara1964,2013-09-07,2016-07-02
McNeill1868,1922-12-16,1925-11-14
McNeill1868,1929-10-12,1931-12-19
McNeill1921,1961-12-09,1963-11-30
McNicoll1877,1931-12-19,1934-09-14
McTiernan1892,1929-10-12,1930-12-19
McVeigh1930,1972-12-02,1984-12-01
McVeigh1930,1984-12-01,1988-02-29
McVeigh1965,2016-07-02,2020-09-18
McWilliams1856,1903-12-16,1922-12-16
McWilliams1856,1928-11-17,1929-10-22
Melham1954,1990-03-24,2013-09-07
Menzies1894,1934-09-15,1966-02-17
Mildren1932,1980-10-18,1990-03-24
Miles1947,1984-12-01,1998-10-03
Millar1925,1974-05-18,1990-02-19
Milton1928,1980-10-18,1990-03-24
Minogue1893,1949-12-10,1969-06-26
Mirabella1968,2001-11-10,2013-09-07
MitchellBrian1967,2016-07-02,NA
MitchellRobert1967,2010-08-21,NA
Moloney1876,1919-12-13,1931-12-19
Moloney1876,1910-04-13,1913-05-31
Moloney1876,1914-09-05,1917-05-05
Monaghan1921,1961-12-09,1963-11-30
Moore1936,1975-12-13,2001-02-05
Morgan1881,1929-10-12,1931-12-19
Morgan1897,1940-09-21,1946-09-28
Morgan1897,1949-12-10,1958-11-22
Morris1932,1972-12-02,1998-08-31
Morris1940,1983-03-05,2001-10-08
Morrison1928,1969-10-25,1975-12-13
Morrison1928,1980-10-18,1984-10-26
Morrison1968,2007-11-24,NA
Mortimer1912,1963-06-01,1966-11-26
Morton1981,2016-07-02,NA
Mossfield1935,1996-03-02,2004-08-31
Mountford1933,1980-10-18,1990-02-19
Mountjoy1906,1943-08-21,1946-09-28
Moylan1944,1993-03-13,2013-08-05
Mulcahy1882,1934-09-15,1953-07-13
Mulder1928,1972-12-02,1975-12-13
Mulino1969,2019-05-18,NA
Mullens1896,1949-12-10,1955-12-10
Munro1930,1966-11-26,1969-10-25
Murphy1950,1998-10-03,2010-08-21
Murphy1950,2010-08-21,2013-09-07
Murphy1973,2019-05-18,NA
Murray1915,1958-11-22,1961-12-09
Mutch1956,1996-03-02,1998-08-31
Nairn1879,1929-10-12,1943-08-21
Nairn1951,1996-03-02,2007-11-24
Neal1963,2007-11-24,2010-07-19
Nehl1934,1984-12-01,2001-10-08
Neil1944,1975-12-13,1980-10-18
Nelson1881,1922-12-16,1934-09-15
Nelson1908,1949-12-10,1966-10-31
Nelson1958,1996-03-02,2009-10-19
Neumann1961,2007-11-24,NA
Neville1940,1993-03-13,2013-08-05
Newell1952,1990-03-24,1996-03-02
Newman1933,1975-06-28,1984-10-26
Nicholls1885,1917-05-05,1922-12-16
Nicholls1917,1963-11-30,1977-09-30
Nikolic1961,2013-09-07,2016-07-02
Nixon1928,1961-12-09,1983-02-04
Nock1879,1931-12-19,1940-09-21
Nott1888,1949-12-10,1951-04-28
Nott1888,1925-11-14,1928-11-17
Nugent1938,1990-03-24,2001-04-24
Oakeshott1969,2008-09-06,2013-08-05
OBrien1926,1961-12-09,1963-11-30
OBrien1972,2016-07-02,NA
OBrien1974,2016-07-02,NA
OByrne1968,1998-10-03,2004-10-09
OConnor1910,1955-12-10,1969-09-29
OConnor1910,1949-12-10,1955-12-10
OConnor1910,1946-09-28,1949-12-10
OConnor1947,1993-03-13,2007-11-24
OConnor1962,2001-11-10,2004-10-09
OConnor1962,2004-10-09,NA
ODowd1950,2010-08-21,NA
ODwyer1977,2009-12-05,2019-04-11
OKeefe1864,1922-12-16,1925-11-14
OKeefe1912,1969-10-25,1984-10-26
OKeefe1947,1984-12-01,2001-10-08
Oldmeadow1924,1972-12-02,1975-12-13
Olley1927,1972-12-02,1974-05-18
OMalley1854,1903-12-16,1917-05-05
OMalley1854,1901-03-29,1903-12-16
ONeil1937,1983-03-05,1993-02-08
ONeil1980,2013-09-07,NA
ONeill1961,2010-08-21,2013-09-07
Opperman1904,1949-12-10,1967-06-10
Orchard1871,1913-05-31,1919-11-03
Organ1956,2002-10-19,2004-10-09
Osborne1909,1949-12-10,1961-12-09
OToole1956,2016-07-02,2019-05-18
Owens1958,2004-10-09,NA
Ozanne1877,1910-04-13,1913-05-31
Ozanne1877,1914-09-05,1917-05-05
Page1861,1901-03-30,1921-06-03
Page1880,1919-12-13,1961-12-09
Palmer1859,1906-12-12,1907-06-10
Palmer1859,1907-07-10,1919-08-14
Palmer1954,2013-09-07,2016-05-09
Parke1966,2007-11-24,2016-05-09
Parkhill1879,1927-05-21,1937-10-23
Parsons1881,1925-11-14,1929-10-12
Pasin1977,2013-09-07,NA
Paterson1844,1901-03-30,1903-11-23
Paterson1882,1922-12-16,1943-07-07
Patten1859,1913-05-31,1917-03-26
Patterson1927,1966-02-26,1975-12-13
Payne1982,2019-05-18,NA
Peacock1939,1966-04-02,1994-09-17
Pearce1917,1949-12-10,1961-12-09
Pearce1963,2001-07-14,2010-07-19
Pearce1967,2019-05-18,NA
Pearsall1920,1966-11-26,1969-10-25
Perkins1878,1926-03-06,1929-10-12
Perkins1878,1931-12-19,1943-08-21
Perrett1966,2007-11-24,NA
Peters1897,1949-12-10,1955-12-10
Peters1897,1955-12-10,1969-09-29
Pettitt1910,1963-11-30,1972-12-02
Phelps1957,2018-10-20,2019-05-18
Phillips1855,1901-03-29,1906-11-05
Phillips1970,2019-05-18,NA
Piesse1848,1901-03-29,1902-03-06
Pigott1866,1913-05-31,1919-12-13
Pitt1969,2013-09-07,NA
Pittard1902,1949-12-10,1951-04-28
Plibersek1969,1998-10-03,NA
Pollard1894,1937-10-23,1949-12-10
Pollard1894,1949-12-10,1966-11-26
Porter1950,1975-12-13,1990-02-19
Porter1970,2013-09-07,NA
Poynton1853,1903-12-16,1922-12-16
Poynton1853,1901-03-30,1903-12-16
Pratt1948,1988-02-06,1990-03-24
Pratten1865,1922-12-16,1928-05-07
Pratten1865,1921-12-10,1922-12-16
Pratten1899,1928-06-16,1929-10-12
Prentice1953,2010-08-21,2019-04-11
Price1882,1928-11-17,1941-04-23
Price1892,1941-05-24,1943-08-21
Price1945,1984-12-01,2010-07-19
Price1963,2013-09-07,NA
Prosser1948,1987-07-11,2007-10-17
Prowse1871,1922-12-16,1943-08-21
Prowse1871,1919-12-13,1922-12-16
Punch1957,1983-03-05,1996-01-29
Pyne1967,1993-03-13,2019-04-11
Quick1852,1901-03-29,1913-05-31
Quick1941,1993-03-13,2007-10-17
Raguse1960,2007-11-24,2010-08-21
Ramsey1956,2007-11-24,NA
Randall1953,2001-11-10,2015-07-21
Randall1953,1996-03-02,1998-10-03
Rankin1887,1937-10-23,1949-10-31
Rea1963,2007-11-24,2010-08-21
Reeves1952,1983-03-05,1984-12-01
Reid1845,1901-03-29,1903-08-18
Reid1845,1903-09-04,1909-12-24
Reid1916,1969-10-25,1972-12-02
ReidNicholas1935,1990-03-24,1998-08-31
Reith1950,1982-12-04,1983-03-05
Reith1950,1984-12-01,2001-10-08
Reynolds1923,1958-11-22,1966-11-26
Reynolds1923,1969-10-25,1975-11-11
Richardson1939,1975-12-13,1977-11-10
Richardson1958,2004-10-09,2007-11-24
Riggall1941,1990-03-24,1993-03-13
Riley1859,1910-04-13,1931-12-19
Riley1892,1922-12-16,1934-09-15
Riordan1886,1929-10-12,1936-10-15
Riordan1908,1936-12-12,1966-10-31
Riordan1930,1972-12-02,1975-12-13
Ripoll1966,1998-10-03,2016-05-09
Rishworth1978,2007-11-24,NA
Robb1951,2004-10-09,2016-05-09
Robert1970,2007-11-24,NA
Roberton1900,1949-12-10,1965-01-21
Roberts1869,1908-06-13,1913-12-02
Robinson1872,1903-12-16,1906-12-12
Robinson1927,1963-11-30,1984-12-01
Robinson1927,1984-12-01,1990-03-24
Robinson1929,1972-12-02,1981-01-07
Rocher1936,1981-02-21,1998-10-03
Rodgers1875,1913-05-31,1922-12-16
Rodgers1875,1925-11-14,1929-10-12
Ronald1861,1901-03-29,1906-12-12
Ronaldson1954,1990-03-24,2001-10-08
Rosevear1892,1931-12-19,1953-03-21
Rowe1872,1929-10-12,1931-12-19
Rowland1971,2010-08-21,NA
Roxon1967,1998-10-03,2013-08-05
Roy1990,2010-08-21,2016-07-02
Rudd1957,1998-10-03,2013-11-22
Ruddock1943,1993-03-13,2016-05-09
Ruddock1943,1977-12-10,1993-03-13
Ruddock1943,1973-09-22,1977-12-10
Russell1890,1943-08-21,1963-03-31
Russell1907,1949-12-10,1951-04-28
Ryan1876,1919-12-13,1921-08-01
Ryan1884,1940-09-21,1952-08-26
Ryan1961,2013-09-07,NA
Ryrie1865,1911-03-11,1922-12-16
Ryrie1865,1922-12-16,1927-04-13
Saffin1954,2007-11-24,2013-09-07
Sainsbury1940,1975-12-13,1983-03-05
Salmon1861,1915-02-20,1917-09-15
Salmon1861,1901-03-29,1913-04-23
Sampson1863,1906-12-12,1919-12-13
Saunderson1948,1984-12-01,1990-03-24
Saunderson1948,1983-03-05,1984-12-01
Sawers1844,1901-03-29,1903-12-16
Sawford1944,1988-03-26,2007-10-17
Scholes1931,1967-07-22,1993-02-08
Scholfield1894,1931-12-19,1940-09-21
Schultz1939,1998-10-03,2013-08-05
Sciacca1947,1987-07-11,1996-03-02
Sciacca1947,1998-10-03,2004-10-09
Scott1934,1980-10-18,1993-02-08
Scott1943,1990-03-24,2016-05-09
Scott1947,1988-10-08,1996-03-02
Scott1977,2013-09-07,2016-07-02
Scullin1876,1910-04-13,1913-05-31
Scullin1876,1922-02-18,1949-10-31
Scully1890,1937-05-08,1949-12-10
Seabrook1867,1922-12-16,1928-11-17
Secker1956,1998-10-03,2013-08-05
Sercombe1949,1996-03-02,2007-10-17
Sexton1905,1958-11-22,1966-11-26
Shack1953,1977-12-10,1983-03-05
Shack1953,1984-12-01,1993-02-08
Sharkie1972,2016-07-02,2018-05-11
Sharkie1972,2018-07-28,NA
Sharma1975,2019-05-18,NA
Sharp1954,1984-12-01,1993-03-13
Sharp1954,1993-03-13,1998-08-31
Sharpe1868,1913-05-31,1917-05-05
Shaw1913,1963-11-30,1966-01-09
Sheehan1891,1937-10-23,1955-03-26
Sheehy1899,1943-08-21,1949-12-10
Sherry1924,1969-10-25,1975-12-13
Shipton1936,1975-12-13,1990-02-19
Short1936,1975-12-13,1980-10-18
Short1956,2001-03-17,2001-11-10
Shorten1967,2007-11-24,NA
Sidebottom1951,1998-10-03,2004-10-09
Sidebottom1951,2007-11-24,2013-09-07
Simmonds1985,2019-05-18,NA
Simmons1947,1983-03-05,1996-01-29
Simon1936,1975-12-13,1980-10-18
Simpkins1964,2007-11-24,2016-07-02
Sinclair1864,1906-12-12,1919-11-03
Sinclair1929,1963-11-30,1998-08-31
Skene1845,1901-03-29,1906-11-08
Slipper1950,1984-12-01,1987-07-11
Slipper1950,1993-03-13,2013-09-07
Smith1851,1901-03-29,1919-12-13
Smith1856,1901-03-29,1906-12-12
Smith1881,1943-08-21,1946-09-28
Smith1939,1993-03-13,1996-03-02
Smith1950,1996-03-02,1998-10-03
Smith1954,1984-12-01,1993-03-13
Smith1954,1996-03-02,1998-10-03
Smith1955,1993-03-13,2013-08-05
Smith1967,2001-11-10,NA
Smith1970,2019-05-18,NA
SmithWilliam1869,1910-04-13,1922-12-16
Smyth1959,1995-03-25,1996-03-02
Smyth1976,2010-08-21,2013-09-07
Snedden1926,1955-12-10,1983-04-21
Snow1934,1983-03-05,1996-03-02
Snowdon1950,2001-11-10,NA
Snowdon1950,1987-07-11,1996-03-02
Snowdon1950,1998-10-03,2001-11-10
Solomon1839,1901-03-29,1903-12-16
Solomon1853,1901-03-30,1903-12-16
Solomon1931,1969-10-25,1972-12-02
Somlyay1946,1990-03-24,2013-08-05
Southcott1967,1996-03-02,2016-05-09
Spence1846,1901-03-29,1917-05-05
Spence1846,1917-06-30,1919-12-13
Spender1897,1937-10-23,1951-03-19
Spender1935,1980-10-18,1990-03-24
Spooner1891,1940-09-21,1943-08-21
Spurr1897,1939-05-27,1940-09-21
Stacey1879,1931-12-19,1943-08-21
Staley1939,1970-09-19,1980-09-19
Stanley1961,2016-07-02,NA
Staples1947,1983-03-05,1984-12-01
Staples1947,1984-12-01,1996-01-29
StClair1949,1998-10-03,2001-11-10
Steedman1943,1983-03-05,1984-12-01
Steggall1974,2019-05-18,NA
Stevens1983,2019-05-18,NA
Stewart1884,1931-12-19,1946-08-16
Stewart1885,1919-12-13,1931-10-14
Stewart1923,1977-12-10,1979-04-16
Stewart1923,1953-08-29,1977-12-10
StJohn1916,1966-11-26,1969-10-25
Stokes1906,1955-12-10,1969-10-25
Stone1951,1996-03-02,2016-05-09
Storrer1854,1903-12-16,1910-04-13
Story1857,1917-05-05,1922-12-16
Street1894,1934-09-15,1940-08-13
Street1926,1966-11-26,1984-01-18
Stumm1853,1913-05-31,1917-03-26
Sudmalis1955,2013-09-07,2019-04-11
Sukkar1981,2013-09-07,NA
Sullivan1929,1974-05-18,1977-12-10
Sullivan1942,1984-12-01,2001-10-08
Sullivan1950,2007-11-24,2010-08-21
Swan1954,1993-03-13,1996-03-02
Swan1954,1998-10-03,2019-04-11
Swanson1970,2016-07-02,NA
Swartz1911,1949-12-10,1972-11-02
Symon1965,2007-11-24,2013-09-07
Tambling1943,1980-10-18,1983-03-05
Tanner1956,1993-03-13,2010-07-19
Taylor1938,1988-04-09,1998-08-31
Taylor1966,2013-09-07,NA
Tehan1968,2010-08-21,NA
Templeman1963,2016-07-02,NA
Theodore1884,1927-02-26,1931-12-19
Theophanous1946,1980-10-18,1984-12-01
Theophanous1946,1984-12-01,2001-11-10
Thistlethwaite1972,2013-09-07,NA
Thomas1863,1901-03-29,1917-03-26
Thompson1885,1922-12-16,1940-09-21
Thompson1886,1946-09-28,1949-12-10
Thompson1886,1949-12-10,1963-11-01
Thompson1960,1998-10-03,2007-11-24
Thompson1988,2019-05-18,NA
Thomson1848,1901-03-29,1910-02-19
Thomson1856,1903-12-16,1906-12-12
Thomson1862,1906-12-12,1919-12-13
Thomson1924,1975-12-13,1983-03-05
Thomson1955,1996-03-02,2016-05-09
Thomson1961,1995-04-08,2001-10-08
Thomson1964,2007-11-24,2013-09-07
Thorburn1930,1972-12-02,1975-12-13
Thorby1888,1931-12-19,1940-09-21
Thwaites1980,2019-05-18,NA
Ticehurst1945,2001-11-10,2007-11-24
Tickner1951,1984-02-18,1996-03-02
Timson1909,1949-12-10,1960-10-16
Tollner1966,2001-11-10,2007-11-24
Townley1907,1949-12-10,1963-12-24
Treloar1892,1949-12-10,1953-11-15
Trevor1961,2007-11-24,2010-08-21
Truss1948,1990-03-24,2016-05-09
Tuckey1935,1980-10-18,2010-08-21
Tudge1971,2010-08-21,NA
Tudor1866,1901-03-29,1922-01-10
Tully1877,1928-11-17,1931-12-19
Turnbull1899,1949-12-10,1972-11-02
Turnbull1899,1946-02-09,1949-12-10
Turnbull1954,2004-10-09,2018-08-31
Turner1851,1901-03-29,1906-11-08
Turner1905,1952-12-20,1974-04-11
Turnour1966,2007-11-24,2010-08-21
Uren1921,1958-11-22,1990-02-19
Vaile1956,1993-03-13,2008-07-30
Vale1944,1996-03-02,2010-07-19
Vamvakinou1959,2001-11-10,NA
vanManen1965,2010-08-21,NA
Varvaris1974,2013-09-07,2016-07-02
Vasta1966,2004-10-09,2007-11-24
Vasta1966,2010-08-21,NA
Viner1933,1972-12-02,1983-03-05
Wakelin1946,1993-03-13,2007-10-17
Walker1942,1990-03-24,1996-03-02
Wallace1881,1917-05-05,1919-12-13
Wallace1968,2016-07-02,NA
Wallis1922,1969-10-25,1983-02-04
Ward1899,1931-03-07,1931-12-19
Ward1899,1932-02-06,1963-07-31
Washer1945,1998-10-03,2013-08-05
Watkins1865,1901-03-29,1935-04-08
Watkins1896,1935-06-01,1958-10-14
Watson1864,1922-12-16,1928-10-09
Watson1864,1931-12-19,1934-08-07
Watson1867,1901-03-29,1906-12-12
Watson1867,1906-12-12,1910-02-19
Watson1945,1984-12-01,1987-07-11
Watt1871,1914-09-05,1929-07-05
Watts1982,2013-09-07,NA
Webb1908,1955-12-10,1958-11-22
Webb1908,1961-12-09,1972-12-02
Webb1908,1954-05-29,1955-12-10
Webster1860,1903-12-16,1919-12-13
Webster1934,1984-12-01,1993-03-13
Webster1959,2019-05-18,NA
Wells1949,1983-03-05,1984-12-01
Wells1985,2019-05-18,NA
Wentworth1907,1949-12-10,1977-11-10
West1852,1910-04-13,1931-02-05
West1934,1977-10-15,1993-02-08
West1952,1996-03-02,1998-10-03
Whan1933,1972-12-02,1975-12-13
Wheeler1909,1949-12-10,1961-12-09
White1888,1929-08-03,1951-06-20
White1936,1981-02-21,1990-02-19
Whiteley1960,2013-09-07,2016-07-02
Whitlam1916,1952-11-29,1978-07-31
Whitlam1944,1975-12-13,1977-11-10
Whitsitt1869,1922-12-16,1925-10-03
Whittorn1911,1960-07-16,1974-04-11
Wicks1973,2013-09-07,NA
Wienholt1877,1919-12-13,1922-11-06
Wight1914,1949-12-10,1961-12-09
Wilkie1959,1998-10-03,2007-11-24
Wilkie1961,2010-08-21,2019-04-11
Wilkie1961,2019-05-18,NA
Wilkinson1854,1901-03-30,1906-12-12
Wilks1863,1901-03-29,1910-04-13
Williams1897,1943-08-21,1949-12-10
Williams1942,1993-03-13,2004-08-31
Williams1973,2013-09-07,2016-07-02
Willis1860,1901-03-29,1910-04-13
Willis1938,1972-12-02,1998-08-31
Wilson1863,1903-12-16,1910-04-13
Wilson1880,1937-10-23,1945-12-31
Wilson1900,1949-12-10,1954-05-29
Wilson1900,1955-12-10,1966-10-31
Wilson1932,1966-11-26,1969-10-25
Wilson1932,1972-12-02,1993-02-08
Wilson1966,2013-09-07,NA
Wilson1972,2016-07-02,2018-05-10
Wilson1972,2018-07-28,NA
Wilson1980,2016-07-02,NA
Wilton1955,1996-03-02,2000-06-14
Windsor1950,2001-11-10,2013-08-05
Wise1853,1906-12-12,1913-05-31
Wise1853,1914-09-05,1922-12-16
Wood1968,2004-10-09,2010-08-21
Wood1968,2013-09-07,NA
WoodsHarry1947,1990-03-24,1996-03-02
WoodsRobert1947,1987-07-11,1993-03-13
Wooldridge1956,1987-07-11,2001-10-08
Worth1946,1993-03-13,2004-10-09
Wright1942,1984-12-01,1993-03-13
Wyatt1952,2010-08-21,NA
Wynne1850,1906-12-12,1914-07-30
Yates1871,1914-01-10,1919-12-13
Yates1871,1922-12-16,1931-12-19
Yates1921,1975-12-13,1980-10-18
Young1936,1974-05-18,1988-02-08
Young1968,2019-05-18,NA
Zahra1973,1998-10-03,2004-10-09
Zammit1941,1996-03-02,1998-10-03
Zappia1952,2007-11-24,NA
Zimmerman1968,2015-12-05,NA
